{"cameraMode":{"drawMode":0,"name":"Shaded","section":"Shading Mode"},"sceneLighting":false,"audioPlay":false,"sceneViewState":{"showFog":true,"showMaterialUpdate":false,"showSkybox":true,"showFlares":true,"showImageEffects":true,"showParticleSystems":true},"in2DMode":false,"pivot":{"x":-37.026981353759769,"y":35.051124572753909,"z":46.99338150024414},"rotation":{"x":-0.18963363766670228,"y":-0.8021774291992188,"z":0.3314419984817505,"w":-0.45901790261268618},"size":30.886310577392579,"orthographic":false}