{"cameraMode":{"drawMode":2,"name":"Shaded Wireframe","section":"Shading Mode"},"sceneLighting":false,"audioPlay":false,"sceneViewState":{"showFog":true,"showMaterialUpdate":false,"showSkybox":true,"showFlares":true,"showImageEffects":true,"showParticleSystems":true},"in2DMode":false,"pivot":{"x":1.0806074142456055,"y":7.048471450805664,"z":-6.23823881149292},"rotation":{"x":0.03476042300462723,"y":-0.049139391630887988,"z":0.0017142699798569084,"w":0.9981854557991028},"size":12.362032890319825,"orthographic":false}