{"cameraMode":{"drawMode":0,"name":"Shaded","section":"Shading Mode"},"sceneLighting":false,"audioPlay":false,"sceneViewState":{"showFog":true,"showMaterialUpdate":false,"showSkybox":true,"showFlares":true,"showImageEffects":true,"showParticleSystems":true},"in2DMode":false,"pivot":{"x":5.400257110595703,"y":-3.1312122344970705,"z":-0.9921900033950806},"rotation":{"x":-0.021016718819737436,"y":0.16480426490306855,"z":-0.003512505441904068,"w":-0.9860973358154297},"size":2.8578836917877199,"orthographic":false}