{"cameraMode":{"drawMode":2,"name":"Shaded Wireframe","section":"Shading Mode"},"sceneLighting":false,"audioPlay":false,"sceneViewState":{"showFog":true,"showMaterialUpdate":false,"showSkybox":true,"showFlares":true,"showImageEffects":true,"showParticleSystems":true},"in2DMode":false,"pivot":{"x":1.9199999570846558,"y":23.299999237060548,"z":-35.45000076293945},"rotation":{"x":0.04925711825489998,"y":-0.7160395979881287,"z":0.05078784376382828,"w":0.6944692134857178},"size":99.36198425292969,"orthographic":false}