{"cameraMode":{"drawMode":2,"name":"Shaded Wireframe","section":"Shading Mode"},"sceneLighting":false,"audioPlay":false,"sceneViewState":{"showFog":true,"showMaterialUpdate":false,"showSkybox":true,"showFlares":true,"showImageEffects":true,"showParticleSystems":true},"in2DMode":false,"pivot":{"x":3.025470733642578,"y":2.5062246322631838,"z":9.274107933044434},"rotation":{"x":0.12077697366476059,"y":0.5092747211456299,"z":-0.07244818657636643,"w":0.8490014672279358},"size":43.42683792114258,"orthographic":false}