{"cameraMode":{"drawMode":2,"name":"Shaded Wireframe","section":"Shading Mode"},"sceneLighting":false,"audioPlay":false,"sceneViewState":{"showFog":true,"showMaterialUpdate":false,"showSkybox":true,"showFlares":true,"showImageEffects":true,"showParticleSystems":true},"in2DMode":false,"pivot":{"x":7.240113735198975,"y":-1.8092293739318848,"z":1.4851703643798829},"rotation":{"x":0.22652585804462434,"y":-0.7049685120582581,"z":0.25718146562576296,"w":0.6209374070167542},"size":297.96636962890627,"orthographic":false}