{"cameraMode":{"drawMode":2,"name":"Shaded Wireframe","section":"Shading Mode"},"sceneLighting":false,"audioPlay":false,"sceneViewState":{"showFog":true,"showMaterialUpdate":false,"showSkybox":true,"showFlares":true,"showImageEffects":true,"showParticleSystems":true},"in2DMode":false,"pivot":{"x":-32.68760681152344,"y":24.270090103149415,"z":7.070511817932129},"rotation":{"x":0.00023459397198166698,"y":0.9997405409812927,"z":-0.012306994758546353,"w":0.01916612684726715},"size":85.74549865722656,"orthographic":false}