{"cameraMode":{"drawMode":0,"name":"Shaded","section":"Shading Mode"},"sceneLighting":true,"audioPlay":false,"sceneViewState":{"showFog":true,"showMaterialUpdate":true,"showSkybox":true,"showFlares":true,"showImageEffects":true,"showParticleSystems":true},"in2DMode":false,"pivot":{"x":0.2830306887626648,"y":-0.09661076962947846,"z":2.7306880950927736},"rotation":{"x":0.0008602190064266324,"y":-0.9920387864112854,"z":0.12597335875034333,"w":0.006552286446094513},"size":6.119692325592041,"orthographic":false}