{"cameraMode":{"drawMode":0,"name":"Shaded","section":"Shading Mode"},"sceneLighting":false,"audioPlay":false,"sceneViewState":{"showFog":true,"showMaterialUpdate":false,"showSkybox":true,"showFlares":true,"showImageEffects":true,"showParticleSystems":true},"in2DMode":false,"pivot":{"x":-37.35488510131836,"y":75.20191955566406,"z":77.60529327392578},"rotation":{"x":-0.035051945596933368,"y":0.9390913844108582,"z":-0.32671475410461428,"w":-0.10070201754570008},"size":263.3773498535156,"orthographic":false}